comment,source,title
评论数5959,环球网,新冠疫苗接种，超13亿了
评论数15,光明网,习近平与父亲：两代共产党人的“接力”
评论数0,中国吉林网,金句来了！习近平：发展是世界各国的权利，而不是少数国家的专利
评论数90,有料财经,油价调整信息，今天7月7日，全国加油站柴油、92号、95号汽油价格
评论数292,涨知识一点点,净水器滤芯更换太贵，不值得用，都是商家套路吗？了解其中的乾坤
评论数62,王城旧事,他是戴安娜爱而不得的男人，魂断巴黎之夜，他疯了一样打电话找她
评论数124,装修第一站,波轮洗衣机有必要买贵的吗？我家买了台1500元的，现在正打算退货
评论数115,滴滴的冰糖雪梨,张爱玲去世前：皮肤病侵入耳朵，不能穿衣服，每天照日光灯13小时
评论数123,微光史学,全球公认5位著名狙击手，中国射手张桃芳位列第一，上甘岭狙神
评论数1816,衔笔书史,1948年，叛徒密谋行刺华东野战军领导人，却栽在了4个小姑娘手里
评论数5,茶言史话,毛岸英牺牲后，毛主席力劝刘思齐再婚，她婚后用长子名字纪念亡夫
评论数67,娱乐圈绮魔大王,林生斌律师团成员发声，内涵网友傻子，被怼打感情牌卖惨回避疑点
comment,source,title
评论数4,央视新闻,科技和艺术完美融合！揭秘文艺演出《伟大征程》台前幕后
评论数15,光明网,习近平与父亲：两代共产党人的“接力”
评论数90,有料财经,油价调整信息，今天7月7日，全国加油站柴油、92号、95号汽油价格
评论数89,一夜书,《千古玦尘》13大神兽，芜浣是杂毛凤凰，暮光是金龙，紫涵是啥？
评论数127,装修第一站,波轮洗衣机有必要买贵的吗？我家买了台1500元的，现在正打算退货
评论数67,王城旧事,他是戴安娜爱而不得的男人，魂断巴黎之夜，他疯了一样打电话找她
评论数123,微光史学,全球公认5位著名狙击手，中国射手张桃芳位列第一，上甘岭狙神
评论数1818,衔笔书史,1948年，叛徒密谋行刺华东野战军领导人，却栽在了4个小姑娘手里
评论数119,油价汽油柴油行情,谈判危机：国际油价双双大跌，国内成品油价格上涨8分/升
评论数71,娱乐圈绮魔大王,林生斌律师团成员发声，内涵网友傻子，被怼打感情牌卖惨回避疑点
评论数5,茶言史话,毛岸英牺牲后，毛主席力劝刘思齐再婚，她婚后用长子名字纪念亡夫
评论数6,猫爷的渔场,1949年，戴笠的儿子在浙江被抓获，最终下场如何？
